method,N,dx,dt,runtime_s,L1,L2,Linf,mass
FTCS,512,0.1171875,0.002,0.018501200000173412,31.97545659444974,9.350286146137819,4.68453636261854,88.45147172979937
Backward-Euler,512,0.1171875,0.002,0.07168609999644104,0.09887737341509642,0.035190830806191675,0.02004543958463083,0.9763222796182757
Crank-Nicolson,512,0.1171875,0.002,0.08763069999986328,0.09310243439462224,0.031093716704802835,0.016304571158274214,0.9999999999997393
Split-Step-FFT,512,0.1171875,0.002,0.0855916000000434,6.819042525376476e-13,1.2029068760564138e-13,4.612722818726867e-14,1.0000000000001492
RK4,512,0.1171875,0.002,0.08758010000019567,0.09303288163417801,0.031070042675293133,0.016291449308466037,0.999999999998405
