method,fitted_L2_order
Crank-Nicolson,1.7143181684115707
Split-Step-FFT,15.535817290070662
RK4,1.714360959725027
