method,grid_size,dx,dt,steps,runtime_s,mass_final
FTCS,256,0.234375,0.002,175,0.002896499998314539,1.0047247607076948
Crank-Nicolson,256,0.234375,0.002,175,0.015790900000865804,1.000000000000008
Split-Step-FFT,256,0.234375,0.002,175,0.012497600000642706,1.0000000000000235
FTCS,512,0.1171875,0.002,175,0.003784999997151317,1.004935110728056
Crank-Nicolson,512,0.1171875,0.002,175,0.020342199997685384,1.0000000000000027
Split-Step-FFT,512,0.1171875,0.002,175,0.01887460000216379,1.0000000000000207
FTCS,1024,0.05859375,0.002,175,0.005482000000483822,7.155025434087722e+31
Crank-Nicolson,1024,0.05859375,0.002,175,0.02891559999989113,1.0000000000000029
Split-Step-FFT,1024,0.05859375,0.002,175,0.031046000000060303,1.000000000000025
