alpha,beam_width
0.1,1.310092795728561
0.2,1.0871979792734514
0.4,0.7868681887095662
0.6,0.6669457987741216
1.0,0.6901286768929239
