alpha,beam_width
0.1,1.1282068510760712
0.2,0.9976512668128701
0.4,0.7864872318303152
0.6,0.6458443361870065
1.0,0.5642962768547113
